"","a","c","g","t"
"JAE014",0.248584898900878,0.253471475860883,0.25460355674018,0.243340068498058
"TAF008",0.205602536997886,0.295718816067653,0.273255813953488,0.225422832980973
"VLC004",0.241143304109768,0.264902388945018,0.264511292898348,0.229443014046866
"GOY005",0.205633100697906,0.298604187437687,0.293120638085743,0.202642073778664
"KNP001",0.24385557724527,0.257566209133248,0.25947217141364,0.239106042207842
"KNP004",0.246302448957719,0.25434060339746,0.257971169819409,0.241385777825411
"KNP005",0.241709263968977,0.258076700324831,0.26296175056027,0.237252285145922
"EBO003",0.223780711404474,0.28034470113678,0.274110744407774,0.221763843050972
"EMN001",0.195609756097561,0.299024390243902,0.306341463414634,0.199024390243902
"MTM009",0.237448678239574,0.26550457393935,0.263739825686091,0.233306922134985
"ECO002",0.2088133640553,0.292914746543779,0.276497695852535,0.221774193548387
"KNP009",0.245437432412587,0.255236772892942,0.25858777352042,0.240738021174052
"VLC009",0.21505905511811,0.279773622047244,0.287155511811024,0.218011811023622
"JAE008",0.226591760299625,0.282022471910112,0.28501872659176,0.206367041198502
"OME002",0.214928306831641,0.284807096237684,0.290729027543281,0.209535569387395
"DJA002",0.221545667447307,0.2903981264637,0.273067915690867,0.214988290398126
